{
  "K": [
    [
      565.6366709709605,
      0.0,
      241.13208884055274
    ],
    [
      0.0,
      564.436968797064,
      319.4227559790646
    ],
    [
      0.0,
      0.0,
      1.0
    ]
  ],
  "dist": [
    0.18245865497744831,
    -0.5275329273431091,
    0.0004749119482002172,
    0.0007901190963698821,
    0.4149479691290846
  ],
  "RMS": 0.09388912462420297
}